<?xml version="1.0" encoding="utf-8"?><demos><!--This is an autogenerated file, please do not modify-->
   <name>ROS on Android</name>
   <type>toolbox</type>
   <icon>HelpIcon.DEMOS</icon>
   <website/>
   <description/>
   <demosection>
      <label>Examples</label>
      <demoitem>
         <label>PositionBebopDroneGazeboSimulatorAndroidROSExample</label>
         <type>other</type>
         <source>PositionBebopDroneGazeboSimulatorAndroidROSExample</source>
         <file>Examples/html/PositionBebopDroneGazeboSimulatorAndroidROSExample.html</file>
      </demoitem>
      <demoitem>
         <label>VisualizeSensorDataFromAnAndroidDeviceInRVizExample</label>
         <type>other</type>
         <source>VisualizeSensorDataFromAnAndroidDeviceInRVizExample</source>
         <file>Examples/html/VisualizeSensorDataFromAnAndroidDeviceInRVizExample.html</file>
      </demoitem>
   </demosection>
</demos>